idx,file_name
0,fib_0
1,fib_11
2,fib_14
3,fib_15
4,fib_17
5,fib_18
6,fib_2
7,fib_21
8,fib_22
9,fib_27
10,fib_3
11,fib_30
12,fib_31
13,fib_35
14,fib_38
15,fib_39
16,fib_40
17,fib_41
18,fib_42
19,fib_43
20,fib_48
21,fib_49
22,fib_50
23,fib_52
24,fib_54
25,fib_55
26,fib_60
27,fib_63
28,fib_64
29,fib_65
30,fib_66
31,fib_67
32,fib_69
33,fib_70
34,fib_72
35,fib_73
36,fib_76
37,fib_77
38,fib_78
39,fib_79
40,fib_81
41,fib_82
42,fib_83
43,fib_84
44,fib_85
45,fib_88
46,fib_89
47,fib_91
48,fib_93
49,fib_94
50,fib_97
51,fib_99
52,iso_1
53,iso_12
54,iso_15
55,iso_17
56,iso_18
57,iso_21
58,iso_23
59,iso_24
60,iso_26
61,iso_27
62,iso_29
63,iso_3
64,iso_30
65,iso_33
66,iso_34
67,iso_38
68,iso_39
69,iso_4
70,iso_40
71,iso_42
72,iso_44
73,iso_45
74,iso_46
75,iso_47
76,iso_49
77,iso_55
78,iso_6
79,iso_61
80,iso_62
81,iso_64
82,iso_67
83,iso_69
84,iso_70
85,iso_72
86,iso_74
87,iso_75
88,iso_78
89,iso_80
90,iso_81
91,iso_82
92,iso_84
93,iso_87
94,iso_88
95,iso_89
96,iso_90
97,iso_91
98,iso_92
99,iso_93
100,iso_95
101,iso_98
102,iso_99
